,prediction,customer_id,probability
0,0,0016-QLJIS,0.0743747232487192
1,0,0017-DINOC,0.19814219379126197
2,0,0019-GFNTW,0.42405828784046506
3,0,0056-EPFBG,0.41845730719555374
4,0,0078-XZMHT,0.41106067203389446
5,0,0114-IGABW,0.06213102046374022
6,0,0123-CRBRT,0.3468281562233359
7,0,0191-EQUUH,0.02996908726678319
8,0,0214-JHPFW,0.14031362886498897
9,0,0229-LFJAF,0.27231414141400284
10,0,0230-WEQUW,0.3087452688155592
11,0,0238-WHBIQ,0.05085353826595242
12,1,0244-LGNFY,0.5311687306713876
13,0,0253-ZTEOB,0.3661085101698949
14,0,0263-FJTQO,0.11902054095454183
15,0,0270-THENM,0.24428871428990703
16,1,0277-ORXQS,0.33826278132701376
17,0,0298-XACET,0.1209891685826812
18,0,0301-FIDRB,0.030435835847218148
19,0,0336-KXKFK,0.31636815358162956
20,0,0336-PIKEI,0.3652595418334221
21,0,0343-QLUZP,0.14727281789602026
22,0,0361-HJRDX,0.3386761002132685
23,0,0363-SVHYR,0.07003374669078168
24,0,0379-DJQHR,0.16182510103532702
25,0,0383-CLDDA,0.37199201154465245
26,0,0412-UCCNP,0.3588212850078081
27,0,0420-TXVSG,0.40506805917500727
28,0,0436-TWFFZ,0.29902447319998265
29,0,0440-EKDCF,0.029994551848839895
30,0,0455-ENTCR,0.32216574500270473
31,0,0458-HEUZG,0.2708576516248549
32,0,0459-SPZHJ,0.3562934381260608
33,0,0487-CRLZF,0.09390233216014453
34,0,0513-RBGPE,0.4795073798228204
35,0,0526-SXDJP,0.032748361395983604
36,1,0531-XBKMM,0.4160105914457459
37,0,0536-ESJEP,0.04948496679178719
38,1,0556-FJEGU,0.6111233317877778
39,1,0562-FGDCR,0.33503281347804725
40,0,0562-KBDVM,0.1576845184351128
41,0,0567-XRHCU,0.03130998011839412
42,0,0602-DDUML,0.337351744083643
43,0,0604-THJFP,0.06882850349308212
44,0,0617-AQNWT,0.23389289277891412
45,0,0621-JFHOL,0.1761030694295452
46,0,0674-GCDXG,0.18985854101572394
47,0,0707-HOVVN,0.3853363509888193
48,1,0730-BGQGF,0.5879360521726695
49,0,0739-UUAJR,0.3819133118439174
50,1,0744-BIKKF,0.567678153455689
51,0,0757-WCUUZ,0.101055310067717
52,1,0769-MURVM,0.5832155167861997
53,0,0771-CHWSK,0.36170489607603956
54,1,0774-RMNUW,0.3521003822425557
55,0,0795-LAFGP,0.07268513840618278
56,0,0813-TAXXS,0.15344368923181226
57,1,0839-JTCUD,0.3810029582858581
58,0,0848-SOMKO,0.3314833744450435
59,0,0885-HMGPY,0.05287549326980269
60,0,0895-UADGO,0.1977082136467727
61,1,0909-SELIE,0.349787023398976
62,0,0916-KNFAJ,0.285058086941508
63,0,0942-KOWSM,0.3608209071211763
64,1,0945-TSONX,0.4322314417695266
65,0,0973-KYVNF,0.03204851603950806
66,0,0979-MOZQI,0.3558210656864676
67,1,0988-AADSA,0.614528767216173
68,0,1023-BQXZE,0.34243998760667793
69,0,1027-LKKQQ,0.3341836283501374
70,1,1084-MNSMJ,0.619357084023605
71,0,1088-AUUZZ,0.3113198348741949
72,0,1116-FRYVH,0.14822903808578378
73,0,1139-WUOAH,0.05072058332729668
74,0,1172-VIYBP,0.33859602598642147
75,0,1187-WILMM,0.17342349171085958
76,0,1194-BHJYC,0.14917230095666534
77,0,1209-VFFOC,0.07004431784691433
78,1,1221-GHZEP,0.5223112741488313
79,0,1227-UDMZR,0.06879107129173867
80,0,1265-BCFEO,0.04966745198671283
81,0,1265-ZFOSD,0.23920177604103127
82,0,1266-NZYUI,0.32493745220534115
83,0,1271-UODNO,0.4508552450234757
84,0,1335-MXCSE,0.18653856336987606
85,0,1371-DWPAZ,0.27717196909377473
86,0,1431-AIDJQ,0.17241153610444926
87,1,1459-QNFQT,0.6047079414103186
88,0,1498-NHTLT,0.39643353035123574
89,1,1506-YJTYT,0.5906891708782491
90,1,1525-LNLOJ,0.5422957312587212
91,0,1568-BEKZM,0.15406790307088025
92,0,1568-LJSZU,0.2740416261789535
93,0,1642-HMARX,0.48875515299939193
94,1,1676-MQAOA,0.4490886738729749
95,0,1699-UOTXU,0.3519881161002145
96,0,1716-LSAMB,0.3669989196854529
97,0,1775-KWJKQ,0.1637397754540784
98,1,1814-WFGVS,0.6350237917586449
99,0,1821-BUCWY,0.07278611566563434
100,1,1837-YQUCE,0.4939991059652799
101,1,1897-OKVMW,0.3703150414799717
102,0,1904-WAJAA,0.03204136690536559
103,0,1936-CZAKF,0.03538402374681317
104,0,1951-IEYXM,0.3793308212448638
105,0,1960-UOTYM,0.2748386357604414
106,0,1971-DTCZB,0.02831334493201229
107,0,1972-XMUWV,0.0977476707557293
108,0,2000-DHJUY,0.21846414771608688
109,0,2040-LDIWQ,0.16051705902704125
110,1,2077-DDHJK,0.6385602718317029
111,0,2088-IEBAU,0.13080092242021052
112,1,2091-GPPIQ,0.351046427402678
113,0,2123-VSCOT,0.3842710139861731
114,0,2126-GSEGL,0.1778582553305379
115,0,2160-GPFXD,0.17855289160942753
116,0,2162-FRZAA,0.030280151201832594
117,0,2167-FQSTQ,0.10705618460368325
118,0,2176-LVPNX,0.2906013992630642
119,0,2176-OSJUV,0.57788048654411
120,0,2192-CKRLV,0.29412516359883256
121,0,2192-OZITF,0.14330086003234763
122,0,2194-IIQOF,0.22068856462741174
123,0,2197-OMWGI,0.09526559727576263
124,0,2200-DSAAL,0.2516316267669689
125,0,2211-RMNHO,0.20745328505065866
126,1,2226-ICFDO,0.39830461008869583
127,1,2234-EOFPT,0.5877850529582209
128,0,2235-EZAIK,0.29010424329024553
129,0,2245-ADZFJ,0.03173960945585579
130,0,2251-PYLPB,0.13725700537585056
131,0,2252-NKNSI,0.05162682836152999
132,0,2253-KPMNB,0.026314472538596544
133,1,2256-YLYLP,0.5869048420384819
134,0,2274-XUATA,0.19349440696265163
135,1,2296-DKZFP,0.4181167882524088
136,0,2302-OUZXB,0.16275664588942537
137,1,2314-TNDJQ,0.6230199191676298
138,0,2335-GSODA,0.13722560304506115
139,0,2351-BKRZW,0.2685620697924197
140,0,2378-YIZKA,0.14662144235634636
141,0,2400-XIWIO,0.28215388737688574
142,0,2404-JIBFC,0.3186769477232683
143,1,2451-YMUXS,0.5620087259132283
144,0,2498-XLDZR,0.420194991117136
145,1,2516-XSJKX,0.40935262849515097
146,0,2535-PBCGC,0.21389421868105113
147,1,2580-ASVVY,0.4684042791042982
148,0,2612-PHGOX,0.1373879582848834
149,1,2649-HWLYB,0.5630293976963591
150,0,2661-GKBTK,0.23414783965805192
151,0,2676-SSLTO,0.3020270387866986
152,1,2710-WYVXG,0.5837051288367278
153,1,2725-TTRIQ,0.3721546003903065
154,0,2753-JMMCV,0.16490295318612017
155,0,2773-MADBQ,0.06528694561394788
156,0,2775-SEFEE,0.34735606155432985
157,0,2824-DXNKN,0.2612952111105669
158,0,2845-KDHVX,0.26035438091482094
159,0,2863-IMQDR,0.10397862816820559
160,0,2882-WDTBA,0.19954437345753204
161,0,2885-HIJDH,0.04993796046128912
162,0,2925-VDZHY,0.06255375731949923
163,0,2933-XEUJM,0.14609978323596126
164,0,2954-PIBKO,0.0269980762995468
165,0,2977-CEBSX,0.10414272778795226
166,1,2987-BJXIK,0.6151119249850296
167,0,2990-IAJSV,0.26047499337902535
168,0,2990-OGYTD,0.19492995107367517
169,0,2996-XAUVF,0.13423560398174111
170,0,2999-AANRQ,0.09438195746060254
171,1,3050-RLLXC,0.5715929441442956
172,1,3057-VJJQE,0.4956333468768596
173,0,3071-MVJCD,0.30325777478442706
174,1,3082-YVEKW,0.4670432824715054
175,0,3084-DOWLE,0.24645843520831118
176,0,3108-PCCGG,0.20218818330240165
177,1,3146-MSEGF,0.5470618353598405
178,0,3166-PNEOF,0.06671651525105665
179,0,3174-AKMAS,0.3696176250774885
180,0,3200-MNQTF,0.07613106095688961
181,0,3219-JQRSL,0.5805138349018457
182,0,3227-WLKLI,0.04818160868431777
183,1,3230-IUALN,0.3857621016965953
184,1,3249-VHRIP,0.5027754898124556
185,0,3259-KNMRR,0.5712189662622918
186,1,3259-QMXUN,0.482502305957955
187,0,3262-EIDHV,0.0505438442978536
188,0,3280-MRDOF,0.29207254029620927
189,0,3298-QEICA,0.20946587335512176
190,0,3308-JSGML,0.5756185135166065
191,1,3397-AVTKU,0.6343302062993896
192,0,3398-GCPMU,0.230858976355536
193,0,3399-BMLVW,0.33976028708545347
194,0,3400-ESFUW,0.11409700104884511
195,0,3410-YOQBQ,0.1260653988149693
196,0,3429-IFLEM,0.14381423263263624
197,1,3470-OBUET,0.5167713493390849
198,0,3474-BAFSJ,0.40625593514792285
199,0,3486-HOOGQ,0.10036800245834016
200,0,3500-NSDOA,0.06648586972645196
201,0,3508-VLHCZ,0.09134357054204818
202,0,3511-BFTJW,0.31773435324672356
203,0,3512-IZIKN,0.4056232303226004
204,0,3533-UVMOM,0.047030617182284365
205,0,3544-FBCAS,0.12623376600073485
206,0,3557-HTYWR,0.07379891666792088
207,0,3563-SVYLG,0.24285943063925447
208,0,3566-CAAYU,0.04534375629888794
209,0,3569-JFODW,0.1399753000671004
210,0,3635-JBPSG,0.11046698033018751
211,0,3638-VBZTA,0.028642119998512093
212,0,3638-WEABW,0.30433480867342005
213,0,3649-JPUGY,0.026727567824970527
214,0,3654-ARMGP,0.026038179671143455
215,0,3704-IEAXF,0.2995310773648711
216,0,3720-DBRWL,0.21820336855224176
217,0,3745-HRPHI,0.184184947688411
218,0,3779-OSWCF,0.054162365310321335
219,0,3795-GWTRD,0.3568873580802267
220,0,3796-ENZGF,0.025830229894161096
221,0,3813-DHBBB,0.05945744679106742
222,0,3884-UEBXB,0.1501052299214267
223,0,3889-VWBID,0.18949494383360452
224,1,3891-NLXJB,0.43754979956522844
225,0,3902-MIVLE,0.1491770488031966
226,0,3908-MKIMJ,0.027641439806867632
227,0,3911-RSNHI,0.1731745137114748
228,0,3913-FCUUW,0.1937656146808023
229,1,3933-DQPWX,0.5899231272021391
230,0,3938-YFPXD,0.02831334493201229
231,0,3948-KXDUF,0.3965719192863132
232,0,3967-KXAPS,0.23361481438328205
233,0,4006-HKYHO,0.16860129668752774
234,0,4012-YCFAI,0.326039724365215
235,0,4039-PIMHX,0.4409781274444603
236,1,4075-WKNIU,0.6351092350809473
237,1,4077-HWUYD,0.3479014069135962
238,0,4079-VTGLK,0.08713878404398791
239,0,4079-WWQQQ,0.03130998011839412
240,0,4102-HLENU,0.16034403612044762
241,0,4111-BNXIF,0.06437247641589887
242,0,4115-BNPJY,0.053030790704265536
243,0,4139-DETXS,0.13520003522828164
244,0,4188-PCPIG,0.3915061561275334
245,0,4194-FJARJ,0.08141565113081196
246,0,4254-QPEDE,0.3788171367367148
247,0,4291-TPNFG,0.032271976996813924
248,0,4293-ETKAP,0.02540060055669944
249,0,4295-YURET,0.06819727304658918
250,0,4304-XUMGI,0.12761265941990946
251,0,4312-GVYNH,0.35679981817665246
252,1,4334-HOWRP,0.5835181953328097
253,0,4355-HBJHH,0.25842237007640206
254,0,4381-MHQDC,0.164805135986998
255,1,4472-LVYGI,0.41352352641687723
256,1,4500-HKANN,0.572972540223487
257,0,4526-RMTLL,0.03076461091371796
258,0,4568-KNYWR,0.07487993728547583
259,0,4615-PIVVU,0.131005506699289
260,1,4648-YPBTM,0.6310543114678243
261,0,4654-ULTTN,0.049793360326934176
262,0,4664-NJCMS,0.4109926139155853
263,0,4671-VJLCL,0.5559681170611978
264,0,4674-HGNUA,0.5593008256103074
265,1,4676-WLUHT,0.5779324429402037
266,0,4701-LKOZD,0.09789341289214339
267,1,4717-GHADL,0.4140747655209225
268,0,4718-WXBGI,0.10222514624207756
269,1,4723-BEGSG,0.6188429802748496
270,0,4737-AQCPU,0.39478471747828026
271,0,4737-HOBAX,0.31985556322218694
272,0,4751-ERMAN,0.0884446406567584
273,0,4782-OSFXZ,0.28964174371411316
274,0,4827-DPADN,0.02664593690100674
275,1,4835-YSJMR,0.39877386702735523
276,0,4837-PZTIC,0.18468106506060025
277,0,4849-PYRLQ,0.3405586023857527
278,1,4854-SSLTN,0.2736598652193317
279,0,4859-ZSRDZ,0.4244782957890315
280,0,4872-JCVCA,0.09802396362318237
281,0,4891-NLUBA,0.1955878201381108
282,0,4900-MSOMT,0.2219143761095209
283,0,4915-BFSXL,0.09802396362318237
284,1,4922-CVPDX,0.4708420693747471
285,0,4940-KHCWD,0.3585846290520287
286,0,4967-WPNCF,0.07214033656519614
287,0,4973-MGTON,0.2311983411295038
288,0,4992-LTJNE,0.11987343593266765
289,0,4994-OBRSZ,0.4574505498404628
290,0,5003-XZWWO,0.15158082979962578
291,0,5010-IPEAQ,0.17573582954027614
292,0,5067-WJEUN,0.2536707096835085
293,0,5095-ETBRJ,0.2678108130220669
294,0,5110-CHOPY,0.141281146475648
295,0,5115-GZDEL,0.12485728654424605
296,0,5117-ZSMHQ,0.31707772437123344
297,0,5126-RCXYW,0.15644570516360096
298,0,5129-HHMZC,0.09429287362004445
299,1,5130-YPIRV,0.5527411819994545
300,0,5135-RDDQL,0.3059731587088759
301,0,5148-ORICT,0.27640677592962726
302,1,5176-OLSKT,0.6385602718317029
303,0,5181-OABFK,0.3760807838927015
304,0,5197-LQXXH,0.17659637498324812
305,1,5208-FVQKB,0.6359859783642332
306,0,5227-JSCFE,0.13835881956285748
307,0,5232-NXPAY,0.1725664637733816
308,0,5248-KWLAR,0.17709606818626145
309,1,5248-RPYWW,0.617621220084127
310,1,5248-YGIJN,0.5577353720799356
311,0,5256-SKJGO,0.11360055908169375
312,0,5275-PMFUT,0.177154536841366
313,0,5317-FLPJF,0.25124656155436315
314,0,5318-YKDPV,0.08783539279066085
315,0,5320-BRKGK,0.04639507633742888
316,0,5321-NTRKC,0.24141512191351147
317,0,5327-XOKKY,0.10197414898801087
318,0,5329-KRDTM,0.02540060055669944
319,0,5338-YHWYT,0.4111420068846207
320,0,5360-XGYAZ,0.30138263764541284
321,1,5377-NDTOU,0.6054322311592245
322,0,5394-MEITZ,0.05677547937294481
323,0,5397-NSKQG,0.26649220103997173
324,1,5456-ITGIC,0.47275469411201526
325,0,5457-COLHT,0.12062196306345806
326,0,5458-CQJTA,0.2193988078419636
327,0,5472-CVMDX,0.034092010817095675
328,0,5485-ITNPC,0.1085722878852209
329,1,5494-WOZRZ,0.6209131883722402
330,0,5583-EJXRD,0.3571773454250197
331,0,5614-DNZCE,0.17139221804925658
332,0,5641-DMBFJ,0.19403892682901105
333,0,5656-MJEFC,0.033261532831607314
334,0,5676-CFLYY,0.025830229894161096
335,0,5680-LQOGP,0.15415929901421271
336,0,5696-JVVQY,0.27818972974038114
337,0,5702-KVQRD,0.1708717400464235
338,0,5707-ZMDJP,0.05096495227527081
339,0,5709-LVOEQ,0.164805135986998
340,0,5727-MYATE,0.38536090163739345
341,0,5736-YEJAX,0.15271784783395462
342,0,5751-USDBL,0.2504072083593584
343,1,5762-TJXGK,0.6385602718317029
344,0,5766-FTRTS,0.02831334493201229
345,0,5781-RFZRP,0.14019033466231698
346,0,5788-YPOEG,0.13798861901922416
347,0,5792-JALQC,0.2665094464897964
348,0,5803-NQJZO,0.13404463155507457
349,0,5816-JMLGY,0.05677547937294481
350,0,5840-NVDCG,0.23570274100886138
351,0,5846-NEQVZ,0.35768884957913855
352,0,5862-BRIXZ,0.028850069775494452
353,0,5879-HMFFH,0.18725761227778726
354,0,5893-PYOLZ,0.31824924302751634
355,0,5915-ANOEI,0.19919774271031834
356,1,5930-GBIWP,0.6151924966518006
357,1,5980-BDHPY,0.3631704638012465
358,1,5982-PSMKW,0.5921916896268405
359,0,5993-JSUWV,0.2019953722090374
360,0,5996-EBTKM,0.25989774213844613
361,1,5997-OPVFA,0.5419383564247284
362,0,6013-BHCAW,0.027182661744488898
363,0,6023-GSSXW,0.197763759359626
364,0,6034-ZRYCV,0.1795995583664432
365,0,6064-ZATLR,0.45271761606048355
366,0,6087-YPWHO,0.13785440244832364
367,0,6115-ZTBFQ,0.02691644537558301
368,0,6119-SPUDB,0.18430946879320348
369,0,6120-RJKLU,0.03177222317205498
370,1,6122-EFVKN,0.5877850529582209
371,0,6122-LJADA,0.3908596252748
372,0,6164-HAQTX,0.16564668449868705
373,0,6166-YIPFO,0.057114918233741555
374,0,6169-PGNCD,0.38196745773572727
375,0,6177-PEVRA,0.38886769681848604
376,0,6203-HBZPA,0.25486825322314266
377,0,6248-TKCQV,0.28766229169108637
378,0,6253-GNHWH,0.24969629866705642
379,1,6258-PVZWJ,0.3939658184775921
380,0,6283-GITPX,0.06687495046408307
381,0,6288-CHQJB,0.06644022238360357
382,0,6339-RZCBJ,0.15309822339577028
383,0,6348-SNFUS,0.2631798711103097
384,0,6365-HITVU,0.1624707148939222
385,0,6369-MCAKO,0.19118043418158584
386,1,6371-NZYEG,0.44681881700027914
387,0,6374-AFWOX,0.45831026569145117
388,1,6384-VMJHP,0.5212369563974749
389,0,6408-WHTEF,0.09022228789609889
390,0,6418-HNFED,0.43474222293546416
391,0,6418-PIQSP,0.0262206648660691
392,0,6427-FEFIG,0.18314993180515438
393,0,6434-TTGJP,0.31547196636921976
394,1,6437-UDQJM,0.4069240620560635
395,1,6439-PKTRR,0.4079966395110215
396,1,6461-SZMCV,0.40251160368351235
397,0,6463-MVYRY,0.3427969538350967
398,0,6479-VDGRK,0.32435543096588243
399,0,6504-VBLFL,0.3955779249204847
400,0,6505-OZNPG,0.3441402774313617
401,0,6516-NKQBO,0.04386581229542047
402,1,6522-OIQSX,0.635508887964734
403,0,6549-BTYPG,0.3951613040027724
404,1,6559-ILWKJ,0.6218943641418186
405,0,6586-MYGKD,0.027007325683705733
406,0,6603-YRDCJ,0.2680023269903393
407,0,6614-YOLAC,0.06556323848140097
408,0,6625-IUTTT,0.07143470342392054
409,1,6631-HMANX,0.4826894678427321
410,0,6656-GULJQ,0.17637528091310847
411,1,6681-ZSEXG,0.619357084023605
412,0,6691-CCIHA,0.21744436217238114
413,0,6695-AMZUF,0.06321063567579785
414,1,6695-FRVEC,0.560837933008745
415,0,6701-DHKWQ,0.11273767160291963
416,0,6701-YVNQG,0.35002236694623556
417,0,6723-CEGQI,0.328661266146974
418,1,6727-IOTLZ,0.5357565785316044
419,0,6732-VAILE,0.2823598018301913
420,0,6741-QRLUP,0.35176658959337226
421,0,6754-LZUKA,0.20503645959164757
422,1,6762-QVYJO,0.5622942455623826
423,0,6867-ACCZI,0.2913459074977075
424,1,6870-ZWMNX,0.24643013254511398
425,1,6885-PKOAM,0.39739573930952765
426,0,6897-RWMUB,0.04820781078185618
427,0,6898-RBTLU,0.14030816530659782
428,0,6901-GOGZG,0.31736354889376167
429,0,6916-HIJSE,0.027458954611941984
430,0,6953-PBDIN,0.02821249066105043
431,0,6963-EZQEE,0.1718289701802599
432,0,6997-UVGOX,0.35939258619465037
433,0,7018-FPXHH,0.06790365854021319
434,1,7021-XSNYE,0.6260713030345987
435,0,7025-WCBNE,0.4131957936591407
436,0,7037-MTYVW,0.10738811931962372
437,0,7054-DMVAS,0.1403832559036338
438,0,7101-HRBLJ,0.12525314645873833
439,0,7109-CQYUZ,0.2665094464897964
440,0,7110-BDTWG,0.19590711063471222
441,0,7113-HIPFI,0.04898811696656505
442,0,7131-ZQZNK,0.1357849716572507
443,1,7138-GIRSH,0.5069054697101226
444,0,7139-JZFVG,0.22836882886536297
445,0,7162-WPHPM,0.11086619608993589
446,0,7164-BPTUT,0.21455036518310294
447,0,7169-YWAMK,0.27918829700607406
448,0,7191-ADRGF,0.28609477565420394
449,1,7197-VOJMM,0.44319977006108735
450,0,7233-PAHHL,0.4524517490696919
451,0,7253-UVNDW,0.4969045857817558
452,0,7274-CGTOD,0.36355749154046685
453,1,7284-ZZLOH,0.590452031282018
454,0,7301-ABVAD,0.06723831465610824
455,0,7306-YDSOI,0.2395880164052757
456,0,7321-ZNSLA,0.4349156211205487
457,0,7340-KEFQE,0.20997865736761803
458,0,7349-ALMUX,0.1637397754540784
459,0,7359-SSBJK,0.028951026582164373
460,0,7398-HPYZQ,0.2225859905856796
461,1,7399-QHBJS,0.5137174827381763
462,0,7401-JIXNM,0.10705618460368325
463,1,7408-OFWXJ,0.6102756584900565
464,0,7492-TAFJD,0.21838917567564553
465,0,7501-IWUNG,0.07160036226028901
466,1,7503-MIOGA,0.34073600204172727
467,0,7508-DQAKK,0.02604532880528593
468,1,7524-VRLPL,0.5856454714315468
469,0,7560-QJAVJ,0.026038179671143455
470,1,7579-KKLOE,0.47526399554640447
471,0,7596-ZYWBB,0.5978567769742912
472,0,7599-NTMDP,0.12361074002877472
473,0,7605-BDWDC,0.09988922044188749
474,1,7609-YBPXG,0.4989560022537033
475,0,7622-FWGEW,0.06482441247099015
476,1,7633-MVPUY,0.634299502009739
477,0,7639-LIAYI,0.1386030603860144
478,1,7639-OPLNG,0.5141964412744701
479,0,7649-SIJJF,0.02831334493201229
480,1,7665-NKLAV,0.5866994710297281
481,0,7688-AWMDX,0.3319009473231187
482,0,7722-VJRQD,0.3019107546360697
483,0,7758-UJWYS,0.3433746021976116
484,0,7771-CFQRQ,0.19433914567159033
485,1,7771-ZONAT,0.6119717401385958
486,1,7779-ORAEL,0.569666993171016
487,0,7781-HVGMK,0.15471405047318196
488,1,7816-VGHTO,0.47526399554640447
489,0,7860-KSUGX,0.3355770750204451
490,0,7860-UXCRM,0.0947202588795844
491,0,7873-CVMAW,0.4508552450234757
492,0,7898-PDWQE,0.3622333877805298
493,0,7921-BEPCI,0.06701532662249378
494,0,7963-SHNDT,0.05906389597065281
495,0,7975-JMZNT,0.22249188876762205
496,0,7998-WNZEM,0.05405095130100296
497,1,8039-ACLPL,0.5555733155075814
498,0,8039-EQPIM,0.04993796046128912
499,0,8046-DNVTL,0.1077420973296712
500,0,8050-DVOJX,0.5479234146773749
501,0,8060-HIWJJ,0.3278597211642099
502,1,8069-RHUXK,0.6392311689061478
503,0,8100-PNJMH,0.23121332989041732
504,0,8106-GWQOK,0.10034352974750446
505,0,8125-QPFJD,0.4082108695912792
506,0,8144-DGHXP,0.17164451607639605
507,0,8146-QQKZH,0.1316486540779035
508,0,8165-CBKXO,0.03290955611125794
509,0,8166-ZZTFS,0.07673891619170331
510,0,8169-SAEJD,0.42830537667006313
511,0,8174-TBVCF,0.2966930004046267
512,0,8181-YHCMF,0.3895858063399219
513,0,8197-BFWVU,0.17959060582703443
514,1,8200-LGKSR,0.3464166828011127
515,0,8204-YJCLA,0.026012715089086744
516,0,8205-VSLRB,0.05475444193922344
517,0,8208-EUMTE,0.03130998011839412
518,0,8218-FFJDS,0.33288394343655114
519,1,8221-HVAYI,0.6035302675979346
520,1,8232-CTLKO,0.6218943641418186
521,0,8242-PDSGJ,0.47194582121333184
522,0,8295-KMENE,0.42405828784046506
523,0,8311-UEUAB,0.1523606975525852
524,0,8313-AFGBW,0.40585820473726675
525,0,8316-BBQAY,0.21819367208337595
526,0,8336-TAVKX,0.057114918233741555
527,0,8338-QIUNR,0.12215268459198271
528,0,8345-MVDYC,0.4826894678427321
529,0,8374-UULRV,0.3789760445375452
530,0,8390-FESFV,0.2612248805701713
531,0,8404-VIOMB,0.2084134139856348
532,0,8413-YNHNV,0.42256625161309225
533,1,8414-OOEEL,0.4760724721765955
534,0,8434-PNQZX,0.42494167981194875
535,0,8468-FZTOE,0.1454464272128466
536,0,8510-TMWYB,0.1768384697868321
537,0,8571-ZCMCX,0.03326365769179274
538,0,8580-QVLOC,0.14467381061692894
539,0,8587-XYZSF,0.23249302769180677
540,0,8590-YFFQO,0.16474320048528374
541,1,8619-IJNDK,0.5874255799248742
542,0,8626-PTQGE,0.3420054295632381
543,0,8630-QSGXK,0.4471418300914183
544,0,8631-NBHFZ,0.0695913870106495
545,0,8645-KOMJQ,0.1591010663481328
546,1,8661-BOYNW,0.38406549240507815
547,0,8670-MEFCP,0.1281503699124268
548,0,8690-ZVLCL,0.33778876360873283
549,0,8722-PRFDV,0.056123036285768674
550,0,8727-XDPUD,0.3003441319454855
551,0,8766-PAFNE,0.5739103677974071
552,0,8780-YRMTT,0.2517405044920073
553,0,8792-AOROI,0.17027441114007869
554,1,8819-WFGGJ,0.5104426399183829
555,0,8882-TLVRW,0.45088150398521804
556,1,8908-NMQTX,0.4257503896801002
557,0,8990-YOZLV,0.16475956099778416
558,0,8999-YPYBV,0.315144629482941
559,0,9000-PLFUZ,0.07072985656137207
560,0,9018-PCIOK,0.23511245787636137
561,0,9027-TMATR,0.03017703704376554
562,0,9065-ZCPQX,0.13415957620719274
563,1,9068-VPWQQ,0.6024815285226165
564,0,9073-ZZIAY,0.030447545518341813
565,0,9091-WTUUY,0.2726203670649891
566,0,9102-OXKFY,0.5501021642579977
567,0,9110-HSGTV,0.36183710785303075
568,0,9114-DPSIA,0.3388357579893943
569,0,9135-MGVPY,0.12713402861328313
570,0,9140-CZQZZ,0.24974276121277816
571,1,9152-AMKAK,0.6399554586550538
572,0,9194-GFVOI,0.02540060055669944
573,0,9220-CXRSC,0.2638417833851996
574,0,9224-VTYID,0.13421709130571924
575,0,9225-BZLNZ,0.17526720943457952
576,0,9227-YBAXE,0.40005840279395544
577,0,9236-NDUCW,0.16388316764241442
578,0,9242-TKFSV,0.03324998583867434
579,0,9281-CEDRU,0.224560860759631
580,0,9286-BHDQG,0.34058533812373254
581,0,9297-EONCV,0.03309204130618359
582,0,9297-FVVDH,0.06975975587553906
583,0,9339-FIIJL,0.02859894428500499
584,1,9348-ROUAI,0.40686985530684106
585,0,9359-JANWS,0.07140516151249536
586,1,9372-TXXPS,0.3945415232107466
587,0,9385-NXKDA,0.47342788347113895
588,0,9415-ZNBSX,0.18535282173137976
589,0,9435-JMLSX,0.0783168964557086
590,0,9443-JUBUO,0.050063868801510446
591,0,9453-PATOS,0.059128177828117516
592,1,9477-LGWQI,0.5565753473650146
593,0,9479-HYNYL,0.17702095451893754
594,1,9481-WHGWY,0.6020920717937579
595,1,9488-FVZCC,0.5064739143522126
596,1,9489-DEDVP,0.5266109441697584
597,0,9489-JMTTN,0.026727567824970527
598,0,9499-XPZXM,0.02682758530847267
599,0,9530-GRMJG,0.051516667971029266
600,0,9541-PWTWO,0.2590667109158718
601,1,9548-LIGTA,0.6006412022001654
602,0,9553-DLCLU,0.030104815141049426
603,1,9560-BBZXK,0.589577075532447
604,0,9565-FLVCG,0.2514645364494256
605,0,9610-WCESF,0.10237607091124346
606,1,9674-EHPPG,0.3345530490330508
607,1,9675-ICXCT,0.5898033807262266
608,0,9715-SBVSU,0.4945991087321495
609,0,9755-JHNMN,0.19975279426705694
610,0,9769-TSBZE,0.03290955611125794
611,0,9778-OGKQZ,0.2900886664063861
612,0,9786-YWNHU,0.08979915582711655
613,0,9795-NREXC,0.4120032045559896
614,1,9795-SHUHB,0.5940016965746271
615,1,9796-MVYXX,0.38770373900324173
616,0,9823-EALYC,0.2809654849135653
617,0,9867-XOBQA,0.2233673285886408
618,0,9871-ELEYA,0.2509599064819289
619,0,9880-TDQAC,0.304579557680052
620,0,9885-MFVSU,0.050671053071026775
621,0,9888-ZCUMM,0.0699628199695072
622,0,9906-NHHVC,0.21821255090365582
623,0,9919-FZDED,0.15864644767342806
624,1,9926-PJHDQ,0.473564714235088
625,0,9928-BZVLZ,0.26494557542808655
626,0,9993-LHIEB,0.17733621945268585
627,0,9995-HOTOH,0.3824477004007012
628,0,0002-ORFBO,0.06830458882285159
629,0,0020-JDNXP,0.10905742723047407
630,0,0022-TCJCI,0.0989875641000123
631,1,0068-FIGTF,0.3235460297699382
632,1,0074-HDKDG,0.48213180131947936
633,0,0080-EMYVY,0.15037284029912382
634,1,0083-PIVIK,0.4212699488073774
635,1,0104-PPXDV,0.5600434519390541
636,0,0112-QWPNC,0.10621972754534265
637,0,0121-SNYRK,0.2625085783036151
638,1,0134-XWXCE,0.5830043852762608
639,0,0230-UBYPQ,0.02831334493201229
640,0,0234-TEVTT,0.24917713350796888
641,0,0254-KCJGT,0.1077179797619286
642,1,0254-WWRKD,0.5759644301910971
643,0,0297-RBCSG,0.38983866977417847
644,0,0303-UNCIP,0.1505424760814142
645,0,0305-SQECB,0.2648914593910661
646,0,0308-IVGOK,0.10530022043944191
647,1,0310-SUCIN,0.5746443280112646
648,1,0334-ZFJSR,0.39219864910190966
649,0,0373-AIVNJ,0.10820892401215815
650,0,0378-XSZPU,0.426037369242568
651,1,0384-LPITE,0.4262074279548036
652,0,0440-MOGPM,0.08808696696699878
653,0,0471-LVHGK,0.07331523343911932
654,0,0484-FFVBJ,0.23447378755060128
655,0,0489-WMEMG,0.38921346714393223
656,0,0496-AHOOK,0.27865711132631643
657,0,0533-UCAAU,0.06582418450071577
658,1,0557-ASKVU,0.44618775940553945
659,0,0565-IYCGT,0.19721696382453976
660,0,0607-MVMGC,0.3194360406515553
661,1,0628-CNQRM,0.5089753297204741
662,0,0635-WKOLD,0.6007509327648459
663,1,0654-PQKDW,0.5941275410727115
664,0,0657-DOGUM,0.1151565573512977
665,0,0661-KBKPA,0.1612094022553253
666,0,0661-WCQNQ,0.20973711116574376
667,0,0667-NSRGI,0.2099969583756081
668,0,0679-TDGAK,0.09660362015413265
669,1,0687-ZVTHB,0.5010128236811819
670,0,0723-FDLAY,0.16158581157237115
671,0,0723-VSOBE,0.09453224963493097
672,0,0725-CXOTM,0.13889879704556046
673,0,0743-HNPFG,0.031765074037912504
674,0,0743-HRVFF,0.3650233543841571
675,0,0756-MPZRL,0.13313979066348697
676,0,0810-BDHAW,0.1600338479295504
677,0,0810-DHDBD,0.1993404668786525
678,0,0840-DCNZE,0.05092723267132717
679,0,0866-QLSIR,0.17640426947872087
680,1,0872-CASZJ,0.5064739143522126
681,0,0895-LMRSF,0.2577933323054353
682,1,0930-EHUZA,0.35547213657563304
683,0,0946-FKYTX,0.16896304300984652
684,0,0975-UYDTX,0.10408878582302916
685,0,0980-FEXWF,0.1657466765169564
686,0,0983-TATYJ,0.35983714229340547
687,0,0993-OSGPT,0.09997081587522633
688,0,1032-MAELW,0.172304435613228
689,0,1042-HFUCW,0.20372291180201998
690,0,1088-CNNKB,0.2592793327507578
691,0,1094-BKOSX,0.4004015339032463
692,0,1099-BTKWT,0.029032554970420094
693,1,1121-QSIVB,0.5079223565540701
694,0,1122-YJBCS,0.25842237007640206
695,0,1136-XGEQU,0.09666799797569021
696,0,1137-DGOWI,0.47138740910235555
697,0,1153-GNOLC,0.11306077917438996
698,0,1154-HYWWO,0.15016433726601325
699,0,1177-XZBJL,0.07302431700042111
700,1,1183-CANVH,0.5309140952417821
701,0,1208-DNHLN,0.03122834919443034
702,0,1264-FUHCX,0.26453937013142204
703,1,1265-HVPZB,0.439542326457796
704,1,1282-IHQAC,0.47636662275331537
705,0,1301-LOPVR,0.38180536938595155
706,0,1309-XGFSN,0.5420983080564826
707,0,1337-BOZWO,0.1664601941389918
708,0,1338-CECEE,0.09314966759396891
709,0,1353-GHZOS,0.07511849392935466
710,1,1371-WEPDS,0.4839275348662916
711,0,1389-WNUIB,0.05270015720901952
712,0,1397-XKKWR,0.3764147077934608
713,0,1402-PTHGN,0.02620767119656718
714,0,1430-SFQSA,0.07366565249989593
715,0,1474-JUWSM,0.20252127315411605
716,0,1492-KGETH,0.07149799511702623
717,0,1534-OULXE,0.10614822597534071
718,0,1536-YHDOE,0.16318114626016264
719,0,1544-JJMYL,0.16499608459288562
720,0,1623-NLDOT,0.34218649634291437
721,0,1661-CZBAU,0.05283984600673735
722,0,1696-MZVAU,0.11840223044107921
723,1,1699-HPSBG,0.614528767216173
724,0,1708-PBBOA,0.1780118404720599
725,0,1729-VLAZJ,0.033261532831607314
726,1,1752-OZXFY,0.4823266434275764
727,0,1834-ABKHQ,0.1758390154468799
728,0,1840-BIUOG,0.06138513370170525
729,0,1866-DIOQZ,0.06858088169030468
730,0,1866-NXPSP,0.24041258155330014
731,0,1877-HKBQX,0.31738530890766825
732,0,1898-JSNDC,0.3488309818328571
733,1,1921-KYSAY,0.5817932186926492
734,1,1925-LFCZZ,0.5818203299628488
735,0,1929-ZCBHE,0.19022885601218337
736,0,2027-DNKIV,0.027189810878631374
737,0,2039-JONDJ,0.2584722552567696
738,0,2054-PJOCK,0.2047404621287087
739,0,2055-BFOCC,0.14460996992462505
740,0,2065-MMKGR,0.4080830748356292
741,1,2073-QBVBI,0.37729696158311316
742,0,2137-DQMEV,0.06443717744139973
743,1,2144-ESWKO,0.49059697509689193
744,1,2150-WLKUW,0.36418230080232766
745,0,2157-MXBJS,0.38264346678603045
746,0,2188-SXWVT,0.24314224138389634
747,0,2212-LYASK,0.16299016807898925
748,0,2233-TXSIU,0.03033498157625629
749,0,2239-CGBUZ,0.02540060055669944
750,0,2259-OUUSZ,0.17357762405474486
751,1,2282-YGNOR,0.4652047608443539
752,0,2292-XQWSV,0.29623805164569733
753,0,2316-ESMLS,0.06320385279810488
754,0,2321-OMBXY,0.0683204342671005
755,0,2325-ZUSFD,0.26243479271282427
756,0,2348-KCJLT,0.379764895017168
757,0,2361-FJWNO,0.025830229894161096
758,1,2361-UPSND,0.5172288068114324
759,0,2364-UFROM,0.07175439154610831
760,0,2391-IPLOP,0.21191588089639368
761,1,2405-LBMUW,0.4734016245093966
762,0,2430-RRYUW,0.1380290599336489
763,0,2450-ZKEED,0.203548266329464
764,1,2453-SAFNS,0.6350237917586449
765,0,2483-XSSMZ,0.23046460398532148
766,1,2486-WYVVE,0.49850797305799543
767,1,2511-MORQY,0.614388438358967
768,1,2519-TWKFS,0.6051346179420497
769,0,2522-WLNSF,0.10673022902047341
770,0,2541-YGPKE,0.1064889765073088
771,1,2546-KZAAT,0.504892717771016
772,0,2550-AEVRU,0.40828813240823836
773,1,2577-GVSIL,0.36992811685447335
774,0,2580-ATZSQ,0.1528969752400235
775,0,2581-VKIRT,0.10599165397977472
776,0,2599-CZABP,0.033079047636681666
777,0,2606-PKWJB,0.4552226028080543
778,0,2634-HCZGT,0.3661080774054841
779,0,2639-UGMAZ,0.15703619028960894
780,1,2680-XKKNJ,0.572718377037985
781,0,2703-AMTUL,0.2749334769318612
782,0,2724-FJDYW,0.056568155114141344
783,0,2725-IWWBA,0.13519691306760728
784,0,2746-DIJLO,0.10357785140033768
785,0,2794-XIMMO,0.3324644511114797
786,1,2812-ENYMO,0.401159980946716
787,0,2834-JKOOW,0.538112624065229
788,0,2851-STERV,0.16388316764241442
789,0,2858-MOFSQ,0.17584990158775113
790,0,2877-VDUER,0.38586813098483314
791,0,2890-WFBHU,0.05677547937294481
792,0,2898-LSJGD,0.4826894678427321
793,0,2911-IJORQ,0.147292396403162
794,0,2925-MXLSX,0.21275408812927044
795,0,2969-VAPYH,0.29747425859620363
796,0,2969-WGHQO,0.053846374161909495
797,0,2988-PLAHS,0.1544625859486913
798,0,3021-VLNRJ,0.3092985649955601
799,0,3026-ATZYV,0.12283174643559272
800,0,3034-ZBEQN,0.06414183089129417
801,1,3055-VTCGS,0.6054322311592245
802,0,3067-SVMTC,0.17454220182779326
803,0,3069-SSVSN,0.1501713271418695
804,0,3137-NYQQI,0.025501454827661297
805,0,3161-ONRWK,0.2891831476745576
806,0,3164-AALRN,0.3219438195413336
807,0,3181-VTHOE,0.13213159976824257
808,1,3205-MXZRA,0.6385602718317029
809,0,3229-USWAR,0.36465068476440604
810,0,3230-WYKIR,0.02540060055669944
811,0,3275-RHRNE,0.03318006458583421
812,0,3282-ZISZV,0.1503567260119917
813,0,3315-IKYZQ,0.16876487077435656
814,0,3340-QBBFM,0.24345252935397968
815,0,3354-OADJP,0.2142421424055822
816,0,3401-URHDA,0.24255529074692128
817,1,3417-TSCIC,0.35771343651771687
818,0,3422-WJOYD,0.20371026333201928
819,1,3441-CGZJH,0.4777158084498902
820,0,3442-ZHHCC,0.14668832975354643
821,0,3468-DRVQJ,0.12865240470557057
822,0,3482-ABPKK,0.3296986705955639
823,0,3487-EARAT,0.5656918392872184
824,0,3489-VSFRD,0.23942835538077406
825,0,3523-QRQLL,0.15709002838429587
826,0,3551-GAEGL,0.03122834919443034
827,1,3569-VLDHH,0.4734016245093966
828,0,3585-YNADK,0.13937230797482322
829,1,3594-UVONA,0.5590408947198696
830,0,3605-JISKB,0.2144760683072545
831,0,3606-SBKRY,0.19151734053883895
832,0,3633-CDBUW,0.34656532086801944
833,0,3638-DIMPH,0.1995946627926013
834,0,3648-GZPHF,0.060627929597382765
835,1,3658-QQJYD,0.352355975120047
836,0,3696-XRIEN,0.027365146939414543
837,0,3727-OWVYD,0.23193060213487754
838,0,3739-YBWAB,0.06618518331552442
839,0,3740-RLMVT,0.20254173860810043
840,0,3800-LYTRK,0.03309204130618359
841,0,3850-OKINF,0.05413897458065359
842,0,3863-IUBJR,0.09841928572413822
843,0,3898-BSJYF,0.3103263910293504
844,1,3915-ODIYG,0.4835039530855083
845,0,3926-YZVVX,0.028850069775494452
846,1,3941-XTSKM,0.5365463012540521
847,1,3950-VPYJB,0.39702392919805723
848,1,3957-HHLMR,0.5779324429402037
849,0,4000-VGMQP,0.02558308575162508
850,0,4003-OCTMP,0.0579347264363689
851,1,4023-RTIQM,0.3313455888442665
852,0,4032-RMHCI,0.35108913688734916
853,0,4081-DYXAV,0.34931342826848616
854,0,4086-ATNFV,0.06832947019032767
855,1,4091-TVOCN,0.525181849793493
856,0,4106-HADHQ,0.26268771424815424
857,1,4114-QMKVN,0.5609475192185084
858,0,4115-UMJFQ,0.06138513370170525
859,0,4123-FCVCB,0.10859465886146934
860,0,4135-FRWKJ,0.045105895011367386
861,1,4174-LPGTI,0.6269245021870974
862,1,4186-ZBUEW,0.6151119249850296
863,1,4189-NAKJS,0.5500471118705003
864,1,4198-VFOEA,0.4331774073626351
865,1,4223-BKEOR,0.5780971452123306
866,0,4227-OJHAL,0.03007236056192161
867,0,4291-HYEBC,0.3180300766014081
868,0,4322-RCYMT,0.03371222889233519
869,1,4328-VUFWD,0.465204066343196
870,1,4342-HFXWS,0.6080470933676906
871,0,4369-NYSCF,0.33122931298984876
872,0,4404-HIBDJ,0.17027441114007869
873,0,4415-WNGVR,0.2009689922385125
874,1,4445-KWOKW,0.3425233180240889
875,0,4501-UYKBC,0.4965693922449331
876,0,4508-OEBEY,0.028394975855976074
877,1,4522-XRWWI,0.5760762907238313
878,0,4544-RXFMG,0.3203293291684126
879,0,4547-FZJWE,0.24758751755617936
880,1,4549-ZDQYY,0.6089486912040948
881,1,4560-WQAQW,0.37738672907030646
882,0,4565-EVZMJ,0.21788993954755945
883,0,4576-CSAJH,0.43601224969360514
884,0,4578-PHJYZ,0.026713340668309694
885,0,4598-ZADCK,0.05947820468466448
886,1,4611-ANLQC,0.5874255799248742
887,0,4626-OZDTJ,0.2570779347649694
888,0,4632-XJMEX,0.3760910701575561
889,0,4636-OLWOE,0.505235847328653
890,0,4644-PIZRT,0.03177336285384577
891,0,4654-GGUII,0.33122168026138815
892,0,4667-QONEA,0.1305387629224984
893,0,4682-BLBUC,0.6024815285226165
894,0,4700-UBQMV,0.36744224603434233
895,0,4702-HDRKD,0.07635603359466299
896,1,4730-AWNAU,0.6260713030345987
897,0,4759-PXTAN,0.1760919963913351
898,1,4776-XSKYQ,0.33090976229782953
899,1,4785-QRJHC,0.5013528333206293
900,0,4808-YNLEU,0.048711824099111956
901,1,4825-XJGDM,0.573341909627484
902,0,4826-DXMUP,0.126056459433228
903,0,4872-VXRIL,0.13420057242169312
904,0,4877-TSOFF,0.08343509522683812
905,0,4890-VMUAV,0.027641439806867632
906,1,4903-CNOZC,0.3531296305421594
907,0,4905-JEFDW,0.41522145999644094
908,1,4906-ZHGPK,0.3548562105659243
909,0,4942-VZZOM,0.22952781813865047
910,0,4957-TIALW,0.27153118004704446
911,1,4973-RLZVI,0.3897363226847678
912,0,4999-IEZLT,0.10762090672588284
913,0,5020-ZSTTY,0.5322652984670899
914,0,5032-USPKF,0.21961621312842505
915,1,5049-MUBWG,0.4397625613706785
916,0,5062-CJJKH,0.16772102706190284
917,0,5073-RZGBK,0.03592439325153796
918,0,5081-NWSUP,0.10904571717597118
919,0,5120-ZBLAI,0.12888461592277664
920,0,5125-CNDSP,0.12699966157019402
921,0,5127-BZENZ,0.17549533252405614
922,0,5160-UXJED,0.33492943462479985
923,0,5170-PTRKA,0.15967891498902045
924,0,5196-WPYOW,0.535225020317093
925,0,5199-FPUSP,0.09828416592224201
926,0,5203-XEHAX,0.13988347214552133
927,0,5204-HMGYF,0.10424253287057868
928,0,5245-VDBUR,0.4173310969642012
929,0,5269-NRGDP,0.3010608089623501
930,0,5294-CDGWY,0.16226239189428224
931,1,5306-BVTKJ,0.5420315308746979
932,1,5315-CKEQK,0.3572850342138157
933,1,5386-THSLQ,0.5118852428457885
934,0,5387-ASZNZ,0.13954071200548987
935,0,5446-DKWYW,0.08591811231103781
936,0,5498-IBWPI,0.33839133140476796
937,1,5499-ECUTN,0.5699606142505376
938,0,5524-KHNJP,0.249712557662253
939,1,5575-GNVDE,0.49722608852924
940,0,5640-CAXOA,0.028642119998512093
941,1,5701-GUXDC,0.45591042894479267
942,1,5724-BIDBU,0.5409243742960623
943,0,5753-QQWPW,0.2220972856355776
944,1,5756-JYOJT,0.4044879143787518
945,0,5756-OZRIO,0.1584726438623426
946,1,5777-KJIRB,0.5988620594811331
947,0,5791-KAJFD,0.04966745198671283
948,0,5795-BKOYE,0.0931877029917455
949,1,5815-HGGHV,0.35452076711520425
950,0,5820-PTRYM,0.24605885962889829
951,0,5825-XJOCM,0.12272241677282074
952,0,5829-NVSQN,0.11428959168192884
953,0,5832-TRLPB,0.07383878349037884
954,0,5837-LXSDN,0.18853059786616733
955,0,5844-QVTAT,0.0674371394399868
956,0,5872-OEQNH,0.4295868207569009
957,0,5906-CVLHP,0.2260987020769067
958,1,5906-DVAPM,0.482346338285095
959,0,5915-DGNVC,0.4117620436560625
960,1,5944-UGLLK,0.362594815012816
961,1,5975-BAICR,0.573341909627484
962,1,5985-TBABQ,0.45261233514183724
963,0,5989-OMNJE,0.3171953997018767
964,0,6008-NAIXK,0.40197178559949237
965,1,6047-SUHPR,0.4448747960039269
966,0,6061-GWWAV,0.2850426270532065
967,0,6064-PUPMC,0.15556924215311835
968,0,6094-ZIVKX,0.5555088576743521
969,0,6114-TCFID,0.026314472538596544
970,0,6121-TNHBO,0.1296016868840419
971,0,6152-ONASV,0.10906813734158267
972,0,6158-DWPZT,0.17604648795076183
973,0,6161-ERDGD,0.14221169493641708
974,0,6174-NRBTZ,0.16183856855886702
975,0,6194-HBGQN,0.3802044779472364
976,0,6195-MELTI,0.18095486221918847
977,0,6229-UOLQL,0.16458743038043802
978,0,6252-DFGTK,0.20334948466794334
979,0,6253-WRFHY,0.06269209866933531
980,0,6261-RCVNS,0.24992765103001763
981,0,6281-FKEWS,0.09764368626219869
982,1,6289-CPNLD,0.6385602718317029
983,0,6296-DDOOR,0.20517963011806323
984,0,6302-JGYRJ,0.3318569333906442
985,0,6303-KFWSL,0.22385855549880748
986,0,6332-FBZRI,0.47549121592532556
987,0,6341-JVQGF,0.3242871548656497
988,0,6352-GIGGQ,0.4734016245093966
989,0,6388-TABGU,0.16050266556667542
990,0,6402-SSEJG,0.22954484813177373
991,0,6416-JNVRK,0.1889321781377501
992,0,6440-DKQGE,0.25259802021243993
993,0,6461-PPAXN,0.189616407565619
994,0,6478-HRRCZ,0.026038179671143455
995,0,6481-LXPWL,0.40600776093778046
996,0,6537-OTKMY,0.14376812477830211
997,0,6543-JXSOO,0.10023693400365546
998,0,6574-MCOEH,0.1609471312603841
999,0,6576-FBXOJ,0.129030153037334
1000,1,6584-VQMYT,0.591705874397812
1001,0,6586-PSJOX,0.06910586052647054
1002,0,6598-KELSS,0.16475956099778416
1003,0,6635-MYYYZ,0.20156148281207564
1004,0,6663-JOCQO,0.060462502456654264
1005,1,6682-VCIXC,0.5064739143522126
1006,0,6685-GBWJZ,0.06644022238360357
1007,0,6693-DJWTY,0.09990436756118891
1008,0,6718-BDGHG,0.445397524874495
1009,0,6728-CZFEI,0.10332582974863377
1010,0,6738-ISCBM,0.051100682408488446
1011,0,6778-EICRF,0.3873908091342369
1012,0,6778-JFCMK,0.17037243250555079
1013,0,6784-XYJAE,0.3455239327603135
1014,0,6810-VCAEX,0.06320385279810488
1015,0,6827-IEAUQ,0.08895685694860164
1016,0,6840-RESVB,0.05054789185051543
1017,0,6848-YLDFR,0.1615856916426858
1018,1,6872-HXFNF,0.5521623807193438
1019,0,6933-FHBZC,0.1930096843176422
1020,1,6933-VLYFX,0.4937001821592212
1021,1,6937-GCDGQ,0.4839275348662916
1022,0,6941-KXRRV,0.3873908091342369
1023,0,6967-PEJLL,0.28879159113847547
1024,0,6968-MHOMU,0.19678360591784771
1025,0,6968-URWQU,0.40588227719871367
1026,1,6981-TDRFT,0.4556847470533558
1027,0,6992-TKNYO,0.1450093080335844
1028,0,6994-ORCWG,0.0672876206573254
1029,0,7013-PSXHK,0.37146114989375106
1030,0,7029-IJEJK,0.30763883405443815
1031,0,7032-LMBHI,0.030001700982982372
1032,0,7049-GKVZY,0.3364936227750104
1033,0,7089-XXAYG,0.0633275359703211
1034,1,7100-FQPRV,0.608677421701139
1035,0,7102-JJVTX,0.16142292900873997
1036,0,7103-ZGVNT,0.30083164527065387
1037,1,7105-BENQF,0.5566935052238194
1038,0,7105-MXJLL,0.30939041462153694
1039,0,7108-DGVUU,0.14816492668017223
1040,0,7136-RVDTZ,0.35977635320032036
1041,0,7153-CHRBV,0.08032576825764272
1042,0,7156-MXBJE,0.11610156286090575
1043,0,7163-OCEQI,0.2300183613159122
1044,0,7184-LRUUR,0.26900617464461385
1045,0,7228-PAQPD,0.1954077642557348
1046,1,7244-QWYHG,0.45387940551588907
1047,1,7247-XOZPB,0.5786118311664075
1048,1,7269-JISCY,0.5772306529329954
1049,0,7285-KLOTR,0.3150096727649537
1050,0,7325-ENZFI,0.3683588852798734
1051,1,7336-RLLRH,0.5801695584475094
1052,0,7338-ERIVA,0.09334313415754451
1053,0,7445-WMRBW,0.4150545884229585
1054,0,7470-DYNOE,0.24626630149132717
1055,0,7471-MQPOS,0.3774125288738708
1056,0,7508-KBIMB,0.38933166320631657
1057,0,7541-YLXCL,0.056901387713166135
1058,0,7576-ASEJU,0.45967512630878926
1059,1,7581-EBBOU,0.585266128567211
1060,0,7614-QVWQL,0.21037153613234644
1061,1,7619-PLRLP,0.3891902016253471
1062,0,7629-WIXZF,0.02821249066105043
1063,0,7636-PEPNS,0.2220482285442757
1064,0,7657-DYEPJ,0.334945004479253
1065,0,7670-ZBPOQ,0.04936180557127587
1066,1,7673-LPRNY,0.40236658459606917
1067,0,7690-KPNCU,0.06348014566555797
1068,0,7696-AMHOD,0.14569939433980283
1069,1,7711-YIJWC,0.6186484050580877
1070,1,7746-QYVCO,0.5318845707679067
1071,0,7750-EYXWZ,0.3453610858585672
1072,1,7753-USQYQ,0.6260713030345987
1073,1,7781-EWARA,0.42470368444556555
1074,0,7795-CFOCW,0.128946759949022
1075,0,7801-CEDNV,0.17326686507808658
1076,0,7833-PKIHD,0.12396942895234464
1077,0,7838-LAZFO,0.3199780795507757
1078,0,7841-FCRQD,0.33553949768568714
1079,0,7868-BGSZA,0.05085353826595242
1080,0,7876-AEHIG,0.2469070336322513
1081,0,7901-IIDQV,0.027182661744488898
1082,0,7919-ZODZZ,0.02859894428500499
1083,1,7931-PXHFC,0.5487978192753673
1084,0,7945-HLKEA,0.04642769005362805
1085,1,7951-VRDVK,0.5084675065914125
1086,1,7994-XIRTR,0.5630641433167417
1087,0,7995-ZHHNZ,0.43219262615752185
1088,0,8016-ZMGMO,0.09737046381852556
1089,0,8035-BUYVG,0.34992032357928965
1090,0,8050-WYBND,0.027719248519949346
1091,0,8050-XGRVL,0.20655891729473563
1092,0,8080-POTJR,0.31738944289102067
1093,0,8097-OMULG,0.20920798750230601
1094,0,8109-YUOHE,0.3417051207818471
1095,0,8124-NZVGJ,0.15222420597753022
1096,0,8184-WMOFI,0.4015459796016377
1097,0,8190-ZTQFB,0.0674371394399868
1098,0,8200-KLNYW,0.38163558306085876
1099,0,8205-OTCHB,0.06744474417360102
1100,0,8220-OCUFY,0.34401723395184297
1101,0,8224-UAXBZ,0.2765168201613049
1102,0,8259-DZLIZ,0.3126522584166837
1103,1,8292-FRFZQ,0.43042879167594494
1104,0,8314-DPQHL,0.05424004385699711
1105,1,8318-LCNBW,0.5477901973656131
1106,0,8319-QBEHW,0.1559914691315319
1107,0,8328-SKJNO,0.33435005924178013
1108,0,8331-ZXFOE,0.0313993278301927
1109,0,8383-SGHJU,0.3714182543904025
1110,0,8409-WQJUX,0.05593780397113303
1111,1,8469-SNFFH,0.3463495629124958
1112,0,8550-XSXUQ,0.47677244718293793
1113,0,8559-CIZFV,0.4489415620585493
1114,0,8563-IIOXK,0.2070622394280953
1115,0,8570-KLJYJ,0.32532871949854375
1116,0,8597-CTXVJ,0.17713603536376474
1117,0,8608-OZTLB,0.3536306737109413
1118,0,8627-EHGIP,0.19721696382453976
1119,0,8668-KNZTI,0.0743747232487192
1120,0,8672-OAUPW,0.4508552450234757
1121,0,8680-CGLTP,0.06939941227795336
1122,0,8690-UPCZI,0.08191493662340454
1123,1,8738-JOKAR,0.41170705335263036
1124,0,8745-PVESG,0.36688572542116504
1125,0,8760-ZRHKE,0.10090539860147535
1126,1,8777-PVYGU,0.42326992462563157
1127,0,8782-NUUOL,0.5600909063877346
1128,1,8788-DOXSU,0.4018252508943242
1129,0,8821-KVZKQ,0.22115149181098473
1130,0,8822-KNBHV,0.3383798515511569
1131,0,8845-LWKGE,0.25337154404685547
1132,0,8865-TNMNX,0.4826894678427321
1133,0,8869-TORSS,0.2630010861390756
1134,0,8879-ZKJOF,0.142725523984793
1135,0,8883-GRDWQ,0.07242006789761349
1136,1,8898-KASCD,0.5372555076764252
1137,1,8932-CZHRQ,0.5809092823070569
1138,0,8970-ANWXO,0.21767571203395175
1139,0,8985-OOPOS,0.3240390207203939
1140,1,8996-ZROXE,0.569757160341084
1141,0,9033-EOXWV,0.15427698584055016
1142,1,9052-DHNKM,0.6040528353375942
1143,0,9055-MOJJJ,0.3575518797311807
1144,0,9060-HJJRW,0.20075810420854626
1145,0,9086-YJYXS,0.11012050619732981
1146,1,9107-UKCKY,0.3550071672553595
1147,0,9114-AAFQH,0.09873574394339492
1148,0,9127-QRZMH,0.03007236056192161
1149,0,9139-TWBAS,0.20070348333839724
1150,0,9150-HEPMB,0.07300110808856708
1151,0,9199-PWQVC,0.03320345531550197
1152,0,9200-NLNPD,0.07733883428501176
1153,0,9207-ZPANB,0.22465993298211487
1154,1,9209-NWPGU,0.4127176439930348
1155,0,9251-WNSOD,0.20123661036208834
1156,1,9253-VIFJQ,0.5349075777832933
1157,0,9289-LBQVU,0.3568206070578337
1158,0,9309-BZGNT,0.13649033207358408
1159,0,9314-QDMDW,0.3126760137418038
1160,0,9330-DHBFL,0.05823488590353211
1161,0,9357-UJRUN,0.5673567298201347
1162,0,9359-UGBTK,0.12153485515599524
1163,1,9378-FXTIZ,0.37174902243159613
1164,0,9388-ZEYVT,0.12922279744432927
1165,0,9411-TPQQV,0.24795674442255095
1166,0,9470-RTWDV,0.09076333323820102
1167,1,9470-YFUYI,0.47677244718293793
1168,0,9473-CBZOP,0.07686506510521474
1169,1,9495-REDIY,0.5277151435864197
1170,0,9500-IWPXQ,0.07391931780739364
1171,0,9513-DXHDA,0.2842296715310665
1172,0,9581-GVBXT,0.34010768421543597
1173,0,9592-ERDKV,0.09666799797569021
1174,0,9609-BENEA,0.44672451817809106
1175,0,9619-GSATL,0.05032654726938825
1176,1,9640-ZSLDC,0.4528894286190103
1177,1,9670-BPNXF,0.33561218455649944
1178,0,9677-AVKED,0.2901376413865469
1179,1,9691-HKOVS,0.4019139550440609
1180,0,9702-AIUJO,0.05011421496039192
1181,0,9705-ZJBCG,0.027182661744488898
1182,0,9720-JJJOR,0.25854351718610163
1183,0,9730-DRTMJ,0.22742712663430414
1184,0,9746-YKGXB,0.1718246177713921
1185,0,9750-BOOHV,0.18739801664273478
1186,0,9758-MFWGD,0.0269980762995468
1187,0,9795-VOWON,0.4127888126193996
1188,0,9798-DRYDS,0.15415929901421271
1189,0,9803-FTJCG,0.02896033306770398
1190,1,9830-ECLEN,0.6179618972002543
1191,1,9894-QMIMJ,0.5562200497708123
1192,1,9917-KWRBE,0.48541808737923964
1193,0,9931-DCEZH,0.38939326679937447
1194,0,9938-ZREHM,0.20432304171103627
1195,1,9955-QOPOY,0.379837325129274
1196,0,9968-FFVVH,0.1518082526649959
1197,0,9987-LUTYD,0.36702482197512987
1198,0,0003-MKNFE,0.2391304685074726
1199,0,0013-MHZWF,0.059078976724045745
1200,0,0015-UOCOJ,0.5375832502936346
1201,1,0023-HGHWL,0.4366680283251452
1202,1,0032-PGELS,0.6310543114678243
1203,0,0067-DKWBL,0.35688644223391464
1204,0,0076-LVEPS,0.0702391128369603
1205,0,0082-LDZUE,0.056568155114141344
1206,0,0096-BXERS,0.37590120318762843
1207,0,0096-FCPUF,0.24720113212507788
1208,0,0106-GHRQR,0.18061123870457169
1209,0,0117-LFRMW,0.2898909799997355
1210,0,0128-MKWSG,0.06554789163326268
1211,1,0156-FVPTA,0.465177324104442
1212,0,0191-ZHSKZ,0.10965870555718223
1213,0,0212-ISBBF,0.2063162091757229
1214,1,0222-CNVPT,0.6242887509200139
1215,0,0224-HJAPT,0.17534302783902384
1216,0,0224-RLWWD,0.321664347053031
1217,1,0228-MAUWC,0.444475939572512
1218,0,0248-IPDFW,0.18072191962333772
1219,0,0257-KXZGU,0.5977174781727341
1220,0,0260-ZDLGK,0.2643978947588097
1221,0,0274-JKUJR,0.21752013375538704
1222,0,0277-BKSQP,0.18309734557965526
1223,0,0282-NVSJS,0.05042371146994247
1224,0,0285-INHLN,0.09802396362318237
1225,1,0289-IVARM,0.44493822436368147
1226,0,0292-WEGCH,0.33456443641130335
1227,0,0295-QVKPB,0.32112175096974144
1228,0,0311-QYWSS,0.40645417318804966
1229,0,0314-TKOSI,0.1589808018468002
1230,0,0319-QZTCO,0.17840187104033958
1231,1,0322-CHQRU,0.5068175546479146
1232,1,0322-YINQP,0.4761579696417153
1233,1,0356-ERHVT,0.39401537716473123
1234,0,0374-AACSZ,0.38469139828604787
1235,0,0374-IOEGQ,0.36441437998093823
1236,0,0375-HVGXO,0.24683220830945607
1237,0,0377-JBKKT,0.026828422095932388
1238,1,0384-RVBPI,0.363301961138233
1239,0,0396-UKGAI,0.5832583913581056
1240,0,0411-EZJZE,0.026545082630044882
1241,1,0415-MOSGF,0.4464257497342253
1242,0,0420-BWTPW,0.07487179114136631
1243,0,0423-UDIJQ,0.10424750955036449
1244,0,0430-IHCDJ,0.27717196909377473
1245,0,0440-QEXBZ,0.16861919593505742
1246,0,0447-BEMNG,0.24964554921794477
1247,0,0463-ZSDNT,0.1758202129804665
1248,0,0516-WJVXC,0.3822492413353295
1249,0,0523-VNGTF,0.027189810878631374
1250,0,0541-FITGH,0.06482441247099015
1251,0,0550-DCXLH,0.14859261963212936
1252,0,0567-GGCAC,0.02821249066105043
1253,0,0584-BJQGZ,0.33061616987662595
1254,0,0587-DMGBH,0.17362461384703093
1255,0,0601-WZHJF,0.31642048130138856
1256,0,0603-OLQDC,0.21296704106576875
1257,0,0612-RTZZA,0.02831334493201229
1258,0,0616-ATFGB,0.09537545818140103
1259,0,0621-TWIEM,0.22720613102324796
1260,0,0623-GDISB,0.2003212926514674
1261,0,0623-IIHUG,0.12726279232806983
1262,0,0655-YDGFJ,0.4508552450234757
1263,0,0661-XEYAN,0.28719340404050636
1264,1,0668-OGMHD,0.47342788347113895
1265,0,0674-EYYZV,0.6104045952995588
1266,0,0696-UKTOX,0.07241662943264923
1267,0,0699-NDKJM,0.06806759212946614
1268,0,0701-TJSEF,0.028850069775494452
1269,0,0708-LGSMF,0.21210585519735306
1270,0,0708-SJDIS,0.10582440741189479
1271,0,0719-SYFRB,0.06483103495536119
1272,0,0733-VUNUW,0.3174876587083725
1273,0,0734-OXWBT,0.11060075075246668
1274,1,0742-MOABM,0.40248741539658867
1275,0,0746-JTRFU,0.17625392937720882
1276,0,0749-IRGQE,0.144425300176919
1277,1,0774-IFUVM,0.631972407891676
1278,0,0778-NELLA,0.025931084165122957
1279,0,0786-VSSUD,0.031765074037912504
1280,0,0799-DDIHE,0.42442735893430483
1281,0,0804-XBFBV,0.10787445689517348
1282,0,0807-ZABDG,0.3069768933136663
1283,0,0811-GSDTP,0.11604025622374586
1284,0,0817-HSUSE,0.32734224960096187
1285,0,0820-FNRNX,0.1638964310441397
1286,1,0822-GAVAP,0.3935561882836323
1287,0,0822-QGCXA,0.06770368240582134
1288,0,0823-HSCDJ,0.39020270144794195
1289,0,0836-SEYLU,0.4516461409382191
1290,0,0841-NULXI,0.17580389238275881
1291,0,0842-IWYCP,0.27464747474733625
1292,0,0851-DFJKB,0.0743791009298112
1293,0,0856-NAOES,0.0742036072649783
1294,0,0867-LDTTC,0.1957653204805594
1295,1,0870-VEMYL,0.5474631889977489
1296,1,0872-JCPIB,0.44225663689125094
1297,0,0887-HJGAR,0.16032421308574624
1298,0,0909-SDHNU,0.10126033320868107
1299,0,0928-JMXNP,0.14074868011552777
1300,0,0929-HYQEW,0.23716808608187168
1301,0,0939-EREMR,0.29179183026549926
1302,0,0953-LGOVU,0.28948251648182155
1303,0,0975-VOOVL,0.14218719716612122
1304,0,0980-PVMRC,0.16076822804921292
1305,0,0988-JRWWP,0.09101069140489472
1306,0,0991-BRRFB,0.1728693943395398
1307,0,0997-YTLNY,0.41401722498698873
1308,0,0999-QXNSA,0.07135791555908125
1309,0,1024-GUALD,0.1700555114067644
1310,0,1036-GUDCL,0.2560770146865143
1311,0,1049-FYSYG,0.12277285865254134
1312,0,1078-TDCRN,0.12852122745988898
1313,0,1089-HDMKP,0.05575531877620739
1314,1,1097-FSPVW,0.43500685592772553
1315,0,1100-DDVRV,0.2749586274138692
1316,0,1101-SSWAG,0.3367167761830446
1317,1,1104-FEJAM,0.5887920754826322
1318,0,1114-CENIM,0.0333508401096362
1319,0,1120-BMWUB,0.04233713675160599
1320,1,1125-SNVCK,0.5345744478463557
1321,0,1134-YWTYF,0.20014518745820747
1322,0,1142-WACZW,0.2402434332794886
1323,0,1163-ONYEY,0.26839107972449017
1324,0,1202-KKGFU,0.3577580760922672
1325,0,1205-WNWPJ,0.36437523920847736
1326,0,1208-NBVFH,0.29932988423958135
1327,1,1213-NGCUN,0.57788048654411
1328,1,1215-VFYVK,0.2678659737553491
1329,0,1226-UDFZR,0.3505322116752854
1330,0,1230-QAJDW,0.061935629419878874
1331,0,1247-QBVSH,0.22392294360840978
1332,0,1251-KRREG,0.1552803699013141
1333,0,1260-TTRXI,0.07239396585741281
1334,0,1261-FWTTE,0.06957319571536352
1335,0,1271-SJBGZ,0.1141101777657001
1336,1,1304-BCCFO,0.3594690115519799
1337,0,1310-QRITU,0.12777754326798563
1338,0,1322-AGOQM,0.02649695773352219
1339,0,1324-NLTJE,0.027810931332291358
1340,1,1329-VHWNP,0.6336286049352942
1341,1,1334-FJSVR,0.3097000858104178
1342,0,1335-NTIUC,0.026038179671143455
1343,1,1352-VHKAJ,0.5854240107619031
1344,1,1353-LJWEM,0.546108574747757
1345,0,1355-KUSBG,0.23475732798720228
1346,1,1356-MKYSK,0.5978567769742912
1347,1,1357-MVDOZ,0.6341938843162276
1348,0,1360-RCYRT,0.028642119998512093
1349,1,1373-ORVIZ,0.5799817152597516
1350,0,1376-HHBDV,0.033368334173636674
1351,1,1395-OFUWC,0.637381165187584
1352,1,1399-UBQIU,0.504892717771016
1353,0,1406-PUQVY,0.06676216259390505
1354,0,1410-RSCMR,0.06449889861772522
1355,0,1432-FPAXX,0.031657978531892006
1356,0,1436-ZMJAN,0.02620767119656718
1357,1,1442-BQPVU,0.5171282384663212
1358,0,1452-XRSJV,0.12476028065280625
1359,1,1453-RZFON,0.3431017321159333
1360,0,1456-TWCGB,0.26627865270974155
1361,0,1465-LNTLJ,0.30691365007528737
1362,0,1471-GIQKQ,0.1546641469870992
1363,0,1478-VPOAD,0.02868124539836914
1364,0,1492-QGCLU,0.2897392069628759
1365,0,1496-GGSUK,0.29349482958310713
1366,0,1501-SGHBW,0.4734016245093966
1367,0,1518-OMDIK,0.33232906610390467
1368,0,1518-VOWAV,0.03320345531550197
1369,0,1530-ZTDOZ,0.3153558118278711
1370,1,1536-HBSWP,0.5702905257605151
1371,0,1541-ETJZO,0.22709756408947093
1372,0,1548-ARAGG,0.3708040495715233
1373,1,1559-DTODC,0.63312039536562
1374,0,1564-HJUVY,0.05575531877620739
1375,0,1575-KRZZE,0.1714140869469655
1376,0,1582-RAFML,0.033192998112853506
1377,0,1585-MQSSU,0.1606957113320388
1378,0,1589-AGTLK,0.07287933478091738
1379,0,1596-OQSPS,0.2540117112331272
1380,0,1597-FZREH,0.23573797723814582
1381,0,1600-DILPE,0.12938480509336173
1382,1,1612-EOHDH,0.5551787062217323
1383,0,1629-DQQVB,0.06489779615465702
1384,0,1635-FJFCC,0.2917451137623548
1385,0,1636-NTNCO,0.17805458707942068
1386,0,1660-HSOOQ,0.05232032368875984
1387,1,1666-JZPZT,0.4692643799578542
1388,1,1684-FLBGS,0.38303896166306295
1389,0,1685-VAYJF,0.2082630675798074
1390,1,1697-BCSHV,0.5476282963929896
1391,0,1697-NVVGY,0.20981539914752168
1392,0,1702-CCFNJ,0.10927994244156645
1393,0,1703-MGIAB,0.338261567421575
1394,0,1728-BQDMA,0.45426901935837405
1395,1,1730-VFMWO,0.4823266434275764
1396,0,1740-CSDJP,0.26161572505057806
1397,1,1750-CSKKM,0.47158636712421
1398,0,1763-WQFUK,0.3090958500719042
1399,0,1767-TGTKO,0.1700583588321893
1400,1,1768-HNVGJ,0.619357084023605
1401,0,1768-ZAIFU,0.3078848020547255
1402,1,1777-JYQPJ,0.4292107302170857
1403,0,1791-PQHBB,0.11854496485811147
1404,0,1794-HBQTJ,0.19109586055593797
